"Format","AiM CSV File"
"Session","Synthetic Fixture Raceway"
"Vehicle","Rush SR Fixture"
"Racer","Fixture Driver"
"Championship","Fixture Series"
"Comment",""
"Date","11/04/2025"
"Time","15:50:07"
"Sample Rate","20"
"Duration","310.1"
"Segment","Session"
"Beacon Markers","59.012","106.295","154.899","202.108","249.544","310.069"
"Segment Times","0:59.012","0:47.283","0:48.604","0:47.210","0:47.435","1:00.525"

"Time","GPS Speed","Distance","Front_Brake_p"
"s","km/h","m","bar"

"0.000","139.6800","0.00","0.00"
"0.200","139.6800","7.76","0.00"
"0.400","139.6800","15.52","0.00"
"0.600","139.6800","23.28","0.00"
"0.800","139.6800","31.04","0.00"
"1.000","139.6800","38.80","0.00"
"1.200","139.6800","46.56","0.00"
"1.400","139.6800","54.32","0.00"
"1.600","139.6800","62.08","0.00"
"1.800","139.6800","69.84","0.00"
"2.000","139.6800","77.60","0.00"
"2.200","139.6800","85.36","0.00"
"2.400","139.6800","93.12","0.00"
"2.600","139.6800","100.88","0.00"
"2.800","139.6800","108.64","0.00"
"3.000","139.6800","116.40","0.00"
"3.200","139.6800","124.16","0.00"
"3.400","139.6800","131.92","0.00"
"3.600","139.6800","139.68","0.00"
"3.800","139.6800","147.44","0.00"
"4.000","139.6800","155.20","0.00"
"4.200","139.6800","162.96","0.00"
"4.400","139.6800","170.72","0.00"
"4.600","139.6800","178.48","0.00"
"4.800","139.6800","186.24","0.00"
"5.000","139.6800","194.00","0.00"
"5.200","139.6800","201.76","0.00"
"5.400","139.6800","209.52","0.00"
"5.600","139.6800","217.28","0.00"
"5.800","139.6800","225.04","0.00"
"6.000","139.6800","232.80","0.00"
"6.200","139.6800","240.56","0.00"
"6.400","139.6800","248.32","0.00"
"6.600","139.6800","256.08","0.00"
"6.800","139.6800","263.84","0.00"
"7.000","139.6800","271.60","0.00"
"7.200","139.6799","279.36","0.00"
"7.400","139.6797","287.12","0.00"
"7.600","139.6793","294.88","0.00"
"7.800","139.6784","302.64","0.01"
"8.000","139.6764","310.40","0.01"
"8.200","139.6720","318.16","0.02"
"8.400","139.6629","325.92","0.05"
"8.600","139.6443","333.68","0.10"
"8.800","139.6081","341.43","0.19"
"9.000","139.5400","349.19","0.35"
"9.200","139.4165","356.94","0.63"
"9.400","139.2006","364.68","1.08"
"9.600","138.8372","372.40","1.79"
"9.800","138.2492","380.10","2.86"
"10.000","137.3357","387.76","4.39"
"10.200","135.9756","395.35","6.46"
"10.400","134.0387","402.85","9.14"
"10.600","131.4059","410.23","12.38"
"10.800","127.9959","417.44","16.08"
"11.000","123.7916","424.44","20.01"
"11.200","118.8575","431.18","23.88"
"11.400","113.3384","437.63","27.38"
"11.600","107.4394","443.77","30.21"
"11.800","101.3934","449.57","32.18"
"12.000","95.4257","455.04","33.16"
"12.200","89.7288","460.18","33.15"
"12.400","84.4479","465.01","32.20"
"12.600","79.6801","469.57","30.42"
"12.800","75.4798","473.88","27.95"
"13.000","71.8692","477.97","24.89"
"13.200","68.8491","481.87","21.39"
"13.400","66.4072","485.63","17.55"
"13.600","64.5259","489.26","13.45"
"13.800","63.1872","492.81","9.17"
"14.000","62.3757","496.29","4.78"
"14.200","62.0814","499.75","0.25"
"14.400","62.3976","503.20","0.00"
"14.600","63.4587","506.69","0.00"
"14.800","65.2840","510.27","0.00"
"15.000","67.9017","513.96","0.00"
"15.200","71.3433","517.83","0.00"
"15.400","75.6326","521.91","0.00"
"15.600","80.7694","526.25","0.00"
"15.800","86.7078","530.89","0.00"
"16.000","93.3293","535.89","0.00"
"16.200","100.4217","541.27","0.00"
"16.400","107.6738","547.05","0.00"
"16.600","114.7004","553.23","0.00"
"16.800","121.1059","559.79","0.00"
"17.000","126.5682","566.67","0.00"
"17.200","130.9107","573.83","0.00"
"17.400","134.1266","581.20","0.00"
"17.600","136.3482","588.71","0.00"
"17.800","137.7842","596.33","0.00"
"18.000","138.6556","604.01","0.00"
"18.200","139.1537","611.73","0.00"
"18.400","139.4227","619.47","0.00"
"18.600","139.5603","627.22","0.00"
"18.800","139.6269","634.98","0.00"
"19.000","139.6576","642.73","0.00"
"19.200","139.6710","650.49","0.00"
"19.400","139.6765","658.25","0.00"
"19.600","139.6787","666.01","0.00"
"19.800","139.6796","673.77","0.00"
"20.000","139.6799","681.53","0.00"
"20.200","139.6800","689.29","0.00"
"20.400","139.6800","697.05","0.00"
"20.600","139.6800","704.81","0.00"
"20.800","139.6800","712.57","0.00"
"21.000","139.6800","720.33","0.00"
"21.200","139.6800","728.09","0.00"
"21.400","139.6800","735.85","0.00"
"21.600","139.6800","743.61","0.00"
"21.800","139.6800","751.37","0.00"
"22.000","139.6800","759.13","0.00"
"22.200","139.6800","766.89","0.00"
"22.400","139.6800","774.65","0.00"
"22.600","139.6800","782.41","0.00"
"22.800","139.6800","790.17","0.00"
"23.000","139.6800","797.93","0.00"
"23.200","139.6800","805.69","0.00"
"23.400","139.6800","813.45","0.00"
"23.600","139.6800","821.21","0.00"
"23.800","139.6800","828.97","0.00"
"24.000","139.6800","836.73","0.00"
"24.200","139.6800","844.49","0.00"
"24.400","139.6800","852.25","0.00"
"24.600","139.6800","860.01","0.00"
"24.800","139.6800","867.77","0.00"
"25.000","139.6800","875.53","0.00"
"25.200","139.6800","883.29","0.00"
"25.400","139.6800","891.05","0.00"
"25.600","139.6800","898.81","0.00"
"25.800","139.6800","906.57","0.00"
"26.000","139.6799","914.33","0.00"
"26.200","139.6797","922.09","0.00"
"26.400","139.6791","929.85","0.00"
"26.600","139.6776","937.61","0.01"
"26.800","139.6735","945.37","0.02"
"27.000","139.6633","953.13","0.06"
"27.200","139.6395","960.89","0.14"
"27.400","139.5863","968.65","0.30"
"27.600","139.4734","976.40","0.61"
"27.800","139.2463","984.14","1.21"
"28.000","138.8135","991.87","2.25"
"28.200","138.0338","999.56","3.97"
"28.400","136.7097","1007.19","6.62"
"28.600","134.5977","1014.73","10.40"
"28.800","131.4454","1022.13","15.39"
"29.000","127.0586","1029.32","21.41"
"29.200","121.3804","1036.22","28.01"
"29.400","114.5443","1042.78","34.52"
"29.600","106.8675","1048.93","40.21"
"29.800","98.7791","1054.65","44.51"
"30.000","90.7194","1059.91","47.10"
"30.200","83.0556","1064.73","47.91"
"30.400","76.0414","1069.15","47.10"
"30.600","69.8151","1073.20","44.92"
"30.800","64.4252","1076.92","41.66"
"31.000","59.8589","1080.37","37.59"
"31.200","56.0703","1083.59","32.92"
"31.400","52.9993","1086.62","27.83"
"31.600","50.5848","1089.49","22.46"
"31.800","48.7721","1092.25","16.91"
"32.000","47.5165","1094.92","11.23"
"32.200","46.7858","1097.54","5.49"
"32.400","46.5607","1100.13","0.00"
"32.600","46.8997","1102.72","0.00"
"32.800","47.8669","1105.35","0.00"
"33.000","49.4937","1108.05","0.00"
"33.200","51.8309","1110.86","0.00"
"33.400","54.9468","1113.82","0.00"
"33.600","58.9225","1116.98","0.00"
"33.800","63.8422","1120.39","0.00"
"34.000","69.7729","1124.10","0.00"
"34.200","76.7345","1128.16","0.00"
"34.400","84.6550","1132.64","0.00"
"34.600","93.3194","1137.58","0.00"
"34.800","102.3364","1143.02","0.00"
"35.000","111.1563","1148.95","0.00"
"35.200","119.1694","1155.35","0.00"
"35.400","125.8680","1162.16","0.00"
"35.600","130.9930","1169.31","0.00"
"35.800","134.5788","1176.69","0.00"
"36.000","136.8794","1184.24","0.00"
"36.200","138.2397","1191.88","0.00"
"36.400","138.9847","1199.58","0.00"
"36.600","139.3645","1207.32","0.00"
"36.800","139.5453","1215.07","0.00"
"37.000","139.6258","1222.82","0.00"
"37.200","139.6595","1230.58","0.00"
"37.400","139.6727","1238.34","0.00"
"37.600","139.6775","1246.10","0.00"
"37.800","139.6792","1253.86","0.00"
"38.000","139.6798","1261.62","0.00"
"38.200","139.6799","1269.38","0.00"
"38.400","139.6800","1277.14","0.00"
"38.600","139.6800","1284.90","0.00"
"38.800","139.6800","1292.66","0.00"
"39.000","139.6800","1300.42","0.00"
"39.200","139.6800","1308.18","0.00"
"39.400","139.6800","1315.94","0.00"
"39.600","139.6800","1323.70","0.00"
"39.800","139.6800","1331.46","0.00"
"40.000","139.6800","1339.22","0.00"
"40.200","139.6800","1346.98","0.00"
"40.400","139.6800","1354.74","0.00"
"40.600","139.6800","1362.50","0.00"
"40.800","139.6800","1370.26","0.00"
"41.000","139.6800","1378.02","0.00"
"41.200","139.6800","1385.78","0.00"
"41.400","139.6800","1393.54","0.00"
"41.600","139.6800","1401.30","0.00"
"41.800","139.6800","1409.06","0.00"
"42.000","139.6800","1416.82","0.00"
"42.200","139.6800","1424.58","0.00"
"42.400","139.6800","1432.34","0.00"
"42.600","139.6799","1440.10","0.00"
"42.800","139.6799","1447.86","0.00"
"43.000","139.6797","1455.62","0.00"
"43.200","139.6793","1463.38","0.00"
"43.400","139.6786","1471.14","0.00"
"43.600","139.6771","1478.90","0.01"
"43.800","139.6743","1486.66","0.02"
"44.000","139.6689","1494.42","0.03"
"44.200","139.6589","1502.18","0.05"
"44.400","139.6410","1509.93","0.09"
"44.600","139.6097","1517.69","0.16"
"44.800","139.5563","1525.45","0.26"
"45.000","139.4677","1533.20","0.43"
"45.200","139.3247","1540.94","0.69"
"45.400","139.1000","1548.68","1.08"
"45.600","138.7571","1556.40","1.62"
"45.800","138.2484","1564.09","2.38"
"46.000","137.5164","1571.75","3.40"
"46.200","136.4950","1579.36","4.71"
"46.400","135.1150","1586.91","6.32"
"46.600","133.3117","1594.37","8.24"
"46.800","131.0347","1601.72","10.41"
"47.000","128.2590","1608.92","12.74"
"47.200","124.9932","1615.96","15.11"
"47.400","121.2841","1622.80","17.39"
"47.600","117.2148","1629.43","19.41"
"47.800","112.8968","1635.82","21.05"
"48.000","108.4575","1641.97","22.18"
"48.200","104.0272","1647.87","22.76"
"48.400","99.7271","1653.53","22.73"
"48.600","95.6613","1658.96","22.12"
"48.800","91.9128","1664.16","20.96"
"49.000","88.5430","1669.17","19.30"
"49.200","85.5942","1674.01","17.21"
"49.400","83.0930","1678.69","14.76"
"49.600","81.0542","1683.25","12.02"
"49.800","79.4849","1687.71","9.06"
"50.000","78.3874","1692.09","5.93"
"50.200","77.7615","1696.43","2.71"
"50.400","77.6095","1700.74","0.00"
"50.600","78.0401","1705.06","0.00"
"50.800","79.1126","1709.42","0.00"
"51.000","80.8273","1713.86","0.00"
"51.200","83.1815","1718.42","0.00"
"51.400","86.1642","1723.12","0.00"
"51.600","89.7496","1728.00","0.00"
"51.800","93.8888","1733.10","0.00"
"52.000","98.5011","1738.44","0.00"
"52.200","103.4677","1744.05","0.00"
"52.400","108.6303","1749.94","0.00"
"52.600","113.7982","1756.12","0.00"
"52.800","118.7646","1762.58","0.00"
"53.000","123.3333","1769.31","0.00"
"53.200","127.3466","1776.28","0.00"
"53.400","130.7078","1783.45","0.00"
"53.600","133.3902","1790.79","0.00"
"53.800","135.4311","1798.26","0.00"
"54.000","136.9133","1805.82","0.00"
"54.200","137.9424","1813.46","0.00"
"54.400","138.6269","1821.14","0.00"
"54.600","139.0637","1828.86","0.00"
"54.800","139.3315","1836.59","0.00"
"55.000","139.4896","1844.34","0.00"
"55.200","139.5794","1852.09","0.00"
"55.400","139.6286","1859.85","0.00"
"55.600","139.6546","1867.60","0.00"
"55.800","139.6679","1875.36","0.00"
"56.000","139.6744","1883.12","0.00"
"56.200","139.6775","1890.88","0.00"
"56.400","139.6789","1898.64","0.00"
"56.600","139.6795","1906.40","0.00"
"56.800","139.6798","1914.16","0.00"
"57.000","139.6799","1921.92","0.00"
"57.200","139.6800","1929.68","0.00"
"57.400","139.6800","1937.44","0.00"
"57.600","139.6800","1945.20","0.00"
"57.800","139.6800","1952.96","0.00"
"58.000","139.6800","1960.72","0.00"
"58.200","139.6800","1968.48","0.00"
"58.400","139.6800","1976.24","0.00"
"58.600","139.6800","1984.00","0.00"
"58.800","139.6800","1991.76","0.00"
"59.000","139.6800","1999.52","0.00"
"59.200","174.6000","2009.10","0.00"
"59.400","174.6000","2018.80","0.00"
"59.600","174.6000","2028.50","0.00"
"59.800","174.6000","2038.20","0.00"
"60.000","174.6000","2047.90","0.00"
"60.200","174.6000","2057.60","0.00"
"60.400","174.6000","2067.30","0.00"
"60.600","174.6000","2077.00","0.00"
"60.800","174.6000","2086.70","0.00"
"61.000","174.6000","2096.40","0.00"
"61.200","174.6000","2106.10","0.00"
"61.400","174.6000","2115.80","0.00"
"61.600","174.6000","2125.50","0.00"
"61.800","174.6000","2135.20","0.00"
"62.000","174.6000","2144.90","0.00"
"62.200","174.6000","2154.60","0.00"
"62.400","174.6000","2164.30","0.00"
"62.600","174.6000","2174.00","0.00"
"62.800","174.6000","2183.70","0.00"
"63.000","174.6000","2193.40","0.00"
"63.200","174.6000","2203.10","0.00"
"63.400","174.6000","2212.80","0.00"
"63.600","174.6000","2222.50","0.00"
"63.800","174.6000","2232.20","0.00"
"64.000","174.6000","2241.90","0.00"
"64.200","174.6000","2251.60","0.00"
"64.400","174.6000","2261.30","0.00"
"64.600","174.6000","2271.00","0.00"
"64.800","174.5998","2280.70","0.00"
"65.000","174.5995","2290.40","0.00"
"65.200","174.5985","2300.10","0.00"
"65.400","174.5957","2309.80","0.01"
"65.600","174.5884","2319.50","0.03"
"65.800","174.5701","2329.20","0.09"
"66.000","174.5268","2338.90","0.20"
"66.200","174.4302","2348.59","0.43"
"66.400","174.2264","2358.28","0.88"
"66.600","173.8207","2367.95","1.72"
"66.800","173.0599","2377.58","3.14"
"67.000","171.7196","2387.17","5.42"
"67.200","169.5092","2396.65","8.77"
"67.400","166.1099","2405.98","13.31"
"67.600","161.2534","2415.08","18.89"
"67.800","154.8258","2423.87","25.09"
"68.000","146.9493","2432.25","31.22"
"68.200","137.9919","2440.17","36.50"
"68.400","128.4862","2447.58","40.29"
"68.600","119.0007","2454.45","42.20"
"68.800","110.0238","2460.81","42.17"
"69.000","101.9022","2466.69","40.35"
"69.200","94.8365","2472.15","37.01"
"69.400","88.9102","2477.25","32.48"
"69.600","84.1301","2482.05","27.06"
"69.800","80.4617","2486.62","20.99"
"70.000","77.8563","2491.01","14.49"
"70.200","76.2686","2495.29","7.72"
"70.400","75.6668","2499.50","0.77"
"70.600","76.2047","2503.72","0.00"
"70.800","78.1584","2508.00","0.00"
"71.000","81.5865","2512.43","0.00"
"71.200","86.5696","2517.09","0.00"
"71.400","93.1835","2522.08","0.00"
"71.600","101.4455","2527.47","0.00"
"71.800","111.2336","2533.38","0.00"
"72.000","122.1886","2539.86","0.00"
"72.200","133.6502","2546.96","0.00"
"72.400","144.7029","2554.70","0.00"
"72.600","154.3899","2563.01","0.00"
"72.800","162.0264","2571.81","0.00"
"73.000","167.4171","2580.98","0.00"
"73.200","170.8297","2590.38","0.00"
"73.400","172.7776","2599.93","0.00"
"73.600","173.7868","2609.56","0.00"
"73.800","174.2644","2619.23","0.00"
"74.000","174.4717","2628.92","0.00"
"74.200","174.5545","2638.61","0.00"
"74.400","174.5851","2648.31","0.00"
"74.600","174.5954","2658.01","0.00"
"74.800","174.5987","2667.71","0.00"
"75.000","174.5997","2677.41","0.00"
"75.200","174.5999","2687.11","0.00"
"75.400","174.6000","2696.81","0.00"
"75.600","174.6000","2706.51","0.00"
"75.800","174.6000","2716.21","0.00"
"76.000","174.6000","2725.91","0.00"
"76.200","174.6000","2735.61","0.00"
"76.400","174.6000","2745.31","0.00"
"76.600","174.6000","2755.01","0.00"
"76.800","174.6000","2764.71","0.00"
"77.000","174.6000","2774.41","0.00"
"77.200","174.6000","2784.11","0.00"
"77.400","174.6000","2793.81","0.00"
"77.600","174.6000","2803.51","0.00"
"77.800","174.6000","2813.21","0.00"
"78.000","174.6000","2822.91","0.00"
"78.200","174.6000","2832.61","0.00"
"78.400","174.6000","2842.31","0.00"
"78.600","174.6000","2852.01","0.00"
"78.800","174.6000","2861.71","0.00"
"79.000","174.6000","2871.41","0.00"
"79.200","174.6000","2881.11","0.00"
"79.400","174.6000","2890.81","0.00"
"79.600","174.6000","2900.51","0.00"
"79.800","174.5999","2910.21","0.00"
"80.000","174.5997","2919.91","0.00"
"80.200","174.5989","2929.61","0.00"
"80.400","174.5962","2939.31","0.01"
"80.600","174.5872","2949.01","0.05"
"80.800","174.5604","2958.71","0.13"
"81.000","174.4858","2968.40","0.36"
"81.200","174.2950","2978.09","0.89"
"81.400","173.8454","2987.77","2.03"
"81.600","172.8730","2997.40","4.26"
"81.800","170.9519","3006.96","8.15"
"82.000","167.5061","3016.37","14.24"
"82.200","161.9372","3025.53","22.64"
"82.400","153.8790","3034.31","32.67"
"82.600","143.4648","3042.58","42.90"
"82.800","131.3957","3050.22","51.61"
"83.000","118.7147","3057.17","57.43"
"83.200","106.4416","3063.42","59.82"
"83.400","95.3102","3069.02","58.94"
"83.600","85.7045","3074.04","55.37"
"83.800","77.7298","3078.57","49.80"
"84.000","71.3251","3082.71","42.85"
"84.200","66.3558","3086.52","35.00"
"84.400","62.6730","3090.10","26.58"
"84.600","60.1453","3093.51","17.82"
"84.800","58.6744","3096.80","8.89"
"85.000","58.2001","3100.05","0.00"
"85.200","58.8212","3103.29","0.00"
"85.400","60.6811","3106.61","0.00"
"85.600","63.8729","3110.06","0.00"
"85.800","68.5464","3113.73","0.00"
"86.000","74.8949","3117.71","0.00"
"86.200","83.1178","3122.09","0.00"
"86.400","93.3438","3126.98","0.00"
"86.600","105.4942","3132.49","0.00"
"86.800","119.0997","3138.73","0.00"
"87.000","133.1672","3145.74","0.00"
"87.200","146.2889","3153.51","0.00"
"87.400","157.1032","3161.95","0.00"
"87.600","164.8790","3170.91","0.00"
"87.800","169.7464","3180.21","0.00"
"88.000","172.4154","3189.73","0.00"
"88.200","173.7101","3199.34","0.00"
"88.400","174.2709","3209.01","0.00"
"88.600","174.4893","3218.70","0.00"
"88.800","174.5661","3228.40","0.00"
"89.000","174.5905","3238.10","0.00"
"89.200","174.5976","3247.80","0.00"
"89.400","174.5994","3257.50","0.00"
"89.600","174.5999","3267.20","0.00"
"89.800","174.6000","3276.90","0.00"
"90.000","174.6000","3286.60","0.00"
"90.200","174.6000","3296.30","0.00"
"90.400","174.6000","3306.00","0.00"
"90.600","174.6000","3315.70","0.00"
"90.800","174.6000","3325.40","0.00"
"91.000","174.6000","3335.10","0.00"
"91.200","174.6000","3344.80","0.00"
"91.400","174.6000","3354.50","0.00"
"91.600","174.6000","3364.20","0.00"
"91.800","174.6000","3373.90","0.00"
"92.000","174.6000","3383.60","0.00"
"92.200","174.6000","3393.30","0.00"
"92.400","174.6000","3403.00","0.00"
"92.600","174.6000","3412.70","0.00"
"92.800","174.6000","3422.40","0.00"
"93.000","174.6000","3432.10","0.00"
"93.200","174.5999","3441.80","0.00"
"93.400","174.5997","3451.50","0.00"
"93.600","174.5993","3461.20","0.00"
"93.800","174.5983","3470.90","0.00"
"94.000","174.5958","3480.60","0.01"
"94.200","174.5902","3490.30","0.03"
"94.400","174.5779","3500.00","0.05"
"94.600","174.5521","3509.69","0.11"
"94.800","174.5003","3519.39","0.22"
"95.000","174.4002","3529.08","0.42"
"95.200","174.2147","3538.77","0.76"
"95.400","173.8858","3548.44","1.33"
"95.600","173.3272","3558.08","2.21"
"95.800","172.4211","3567.69","3.53"
"96.000","171.0192","3577.23","5.38"
"96.200","168.9550","3586.68","7.83"
"96.400","166.0689","3595.99","10.87"
"96.600","162.2446","3605.11","14.36"
"96.800","157.4485","3614.00","18.06"
"97.000","151.7569","3622.59","21.65"
"97.200","145.3584","3630.85","24.76"
"97.400","138.5280","3638.73","27.06"
"97.600","131.5805","3646.24","28.32"
"97.800","124.8224","3653.36","28.43"
"98.000","118.5141","3660.11","27.39"
"98.200","112.8533","3666.54","25.30"
"98.400","107.9736","3672.67","22.30"
"98.600","103.9549","3678.55","18.55"
"98.800","100.8381","3684.23","14.24"
"99.000","98.6394","3689.77","9.51"
"99.200","97.3623","3695.21","4.53"
"99.400","97.0079","3700.61","0.00"
"99.600","97.7750","3706.01","0.00"
"99.800","99.7958","3711.49","0.00"
"100.000","103.0693","3717.12","0.00"
"100.200","107.5776","3722.97","0.00"
"100.400","113.2632","3729.10","0.00"
"100.600","119.9985","3735.57","0.00"
"100.800","127.5551","3742.45","0.00"
"101.000","135.5856","3749.75","0.00"
"101.200","143.6369","3757.51","0.00"
"101.400","151.2089","3765.71","0.00"
"101.600","157.8517","3774.30","0.00"
"101.800","163.2668","3783.22","0.00"
"102.000","167.3617","3792.41","0.00"
"102.200","170.2368","3801.79","0.00"
"102.400","172.1156","3811.31","0.00"
"102.600","173.2622","3820.90","0.00"
"102.800","173.9180","3830.55","0.00"
"103.000","174.2705","3840.22","0.00"
"103.200","174.4491","3849.91","0.00"
"103.400","174.5344","3859.60","0.00"
"103.600","174.5730","3869.30","0.00"
"103.800","174.5894","3879.00","0.00"
"104.000","174.5961","3888.70","0.00"
"104.200","174.5986","3898.40","0.00"
"104.400","174.5995","3908.10","0.00"
"104.600","174.5999","3917.80","0.00"
"104.800","174.6000","3927.50","0.00"
"105.000","174.6000","3937.20","0.00"
"105.200","174.6000","3946.90","0.00"
"105.400","174.6000","3956.60","0.00"
"105.600","174.6000","3966.30","0.00"
"105.800","174.6000","3976.00","0.00"
"106.000","174.6000","3985.70","0.00"
"106.200","174.6000","3995.40","0.00"
"106.400","174.6000","4005.10","0.00"
"106.600","174.6000","4014.80","0.00"
"106.800","174.6000","4024.50","0.00"
"107.000","174.6000","4034.20","0.00"
"107.200","174.6000","4043.90","0.00"
"107.400","174.6000","4053.60","0.00"
"107.600","174.6000","4063.30","0.00"
"107.800","174.6000","4073.00","0.00"
"108.000","174.6000","4082.70","0.00"
"108.200","174.6000","4092.40","0.00"
"108.400","174.6000","4102.10","0.00"
"108.600","174.6000","4111.80","0.00"
"108.800","174.6000","4121.50","0.00"
"109.000","174.6000","4131.20","0.00"
"109.200","174.6000","4140.90","0.00"
"109.400","174.6000","4150.60","0.00"
"109.600","174.6000","4160.30","0.00"
"109.800","174.6000","4170.00","0.00"
"110.000","174.6000","4179.70","0.00"
"110.200","174.6000","4189.40","0.00"
"110.400","174.6000","4199.10","0.00"
"110.600","174.6000","4208.80","0.00"
"110.800","174.6000","4218.50","0.00"
"111.000","174.6000","4228.20","0.00"
"111.200","174.6000","4237.90","0.00"
"111.400","174.6000","4247.60","0.00"
"111.600","174.6000","4257.30","0.00"
"111.800","174.6000","4267.00","0.00"
"112.000","174.5999","4276.70","0.00"
"112.200","174.5997","4286.40","0.00"
"112.400","174.5991","4296.10","0.00"
"112.600","174.5973","4305.80","0.01"
"112.800","174.5924","4315.50","0.02"
"113.000","174.5800","4325.20","0.06"
"113.200","174.5501","4334.90","0.14"
"113.400","174.4816","4344.59","0.31"
"113.600","174.3338","4354.28","0.65"
"113.800","174.0322","4363.96","1.29"
"114.000","173.4523","4373.62","2.42"
"114.200","172.4036","4383.23","4.28"
"114.400","170.6250","4392.76","7.11"
"114.600","167.8072","4402.16","11.08"
"114.800","163.6528","4411.38","16.17"
"115.000","157.9718","4420.32","22.08"
"115.200","150.7787","4428.90","28.23"
"115.400","142.3366","4437.05","33.85"
"115.600","133.1149","4444.70","38.23"
"115.800","123.6765","4451.84","40.87"
"116.000","114.5504","4458.45","41.58"
"116.200","106.1461","4464.58","40.41"
"116.400","98.7258","4470.26","37.60"
"116.600","92.4218","4475.57","33.46"
"116.800","87.2725","4480.55","28.30"
"117.000","83.2620","4485.29","22.39"
"117.200","80.3497","4489.83","15.98"
"117.400","78.4921","4494.23","9.24"
"117.600","77.6554","4498.57","2.32"
"117.800","77.9215","4502.88","0.00"
"118.000","79.6182","4507.25","0.00"
"118.200","82.8160","4511.76","0.00"
"118.400","87.5867","4516.48","0.00"
"118.600","93.9990","4521.52","0.00"
"118.800","102.0659","4526.96","0.00"
"119.000","111.6653","4532.89","0.00"
"119.200","122.4448","4539.39","0.00"
"119.400","133.7563","4546.50","0.00"
"119.600","144.6987","4554.24","0.00"
"119.800","154.3232","4562.55","0.00"
"120.000","161.9408","4571.35","0.00"
"120.200","167.3415","4580.51","0.00"
"120.400","170.7756","4589.91","0.00"
"120.600","172.7444","4599.45","0.00"
"120.800","173.7689","4609.08","0.00"
"121.000","174.2557","4618.75","0.00"
"121.200","174.4679","4628.44","0.00"
"121.400","174.5530","4638.14","0.00"
"121.600","174.5845","4647.83","0.00"
"121.800","174.5953","4657.53","0.00"
"122.000","174.5987","4667.23","0.00"
"122.200","174.5996","4676.93","0.00"
"122.400","174.5999","4686.63","0.00"
"122.600","174.6000","4696.33","0.00"
"122.800","174.6000","4706.03","0.00"
"123.000","174.6000","4715.73","0.00"
"123.200","174.6000","4725.43","0.00"
"123.400","174.6000","4735.13","0.00"
"123.600","174.6000","4744.83","0.00"
"123.800","174.6000","4754.53","0.00"
"124.000","174.6000","4764.23","0.00"
"124.200","174.6000","4773.93","0.00"
"124.400","174.6000","4783.63","0.00"
"124.600","174.5999","4793.33","0.00"
"124.800","174.5999","4803.03","0.00"
"125.000","174.5997","4812.73","0.00"
"125.200","174.5993","4822.43","0.00"
"125.400","174.5983","4832.13","0.00"
"125.600","174.5962","4841.83","0.01"
"125.800","174.5919","4851.53","0.02"
"126.000","174.5831","4861.23","0.04"
"126.200","174.5656","4870.93","0.07"
"126.400","174.5321","4880.63","0.14"
"126.600","174.4700","4890.32","0.26"
"126.800","174.3583","4900.01","0.45"
"127.000","174.1637","4909.69","0.78"
"127.200","173.8360","4919.36","1.29"
"127.400","173.3021","4929.01","2.08"
"127.600","172.4625","4938.61","3.23"
"127.800","171.1892","4948.16","4.86"
"128.000","169.3306","4957.62","7.03"
"128.200","166.7241","4966.96","9.82"
"128.400","163.2196","4976.13","13.22"
"128.600","158.7094","4985.08","17.12"
"128.800","153.1596","4993.75","21.36"
"129.000","146.6314","5002.08","25.68"
"129.200","139.2833","5010.02","29.79"
"129.400","131.3516","5017.54","33.43"
"129.600","123.1139","5024.61","36.39"
"129.800","114.8481","5031.22","38.53"
"130.000","106.7988","5037.38","39.80"
"130.200","99.1564","5043.09","40.24"
"130.400","92.0516","5048.40","39.93"
"130.600","85.5598","5053.33","38.95"
"130.800","79.7113","5057.92","37.43"
"131.000","74.5038","5062.20","35.46"
"131.200","69.9134","5066.21","33.16"
"131.400","65.9037","5069.98","30.58"
"131.600","62.4325","5073.54","27.82"
"131.800","59.4566","5076.93","24.90"
"132.000","56.9348","5080.16","21.88"
"132.200","54.8296","5083.26","18.79"
"132.400","53.1080","5086.26","15.65"
"132.600","51.7426","5089.17","12.47"
"132.800","50.7108","5092.01","9.27"
"133.000","49.9956","5094.81","6.06"
"133.200","49.5850","5097.57","2.84"
"133.400","49.4765","5100.32","0.00"
"133.600","50.0567","5103.09","0.00"
"133.800","51.6058","5105.90","0.00"
"134.000","54.2053","5108.84","0.00"
"134.200","57.9890","5111.95","0.00"
"134.400","63.1422","5115.31","0.00"
"134.600","69.8907","5118.99","0.00"
"134.800","78.4713","5123.11","0.00"
"135.000","89.0534","5127.75","0.00"
"135.200","101.6096","5133.04","0.00"
"135.400","115.7169","5139.07","0.00"
"135.600","130.4035","5145.91","0.00"
"135.800","144.2248","5153.54","0.00"
"136.000","155.7235","5161.89","0.00"
"136.200","164.0626","5170.79","0.00"
"136.400","169.3190","5180.06","0.00"
"136.600","172.2161","5189.56","0.00"
"136.800","173.6267","5199.17","0.00"
"137.000","174.2394","5208.83","0.00"
"137.200","174.4785","5218.52","0.00"
"137.400","174.5627","5228.22","0.00"
"137.600","174.5896","5237.92","0.00"
"137.800","174.5973","5247.62","0.00"
"138.000","174.5994","5257.32","0.00"
"138.200","174.5999","5267.02","0.00"
"138.400","174.6000","5276.72","0.00"
"138.600","174.6000","5286.42","0.00"
"138.800","174.6000","5296.12","0.00"
"139.000","174.6000","5305.82","0.00"
"139.200","174.6000","5315.52","0.00"
"139.400","174.6000","5325.22","0.00"
"139.600","174.6000","5334.92","0.00"
"139.800","174.6000","5344.62","0.00"
"140.000","174.6000","5354.32","0.00"
"140.200","174.6000","5364.02","0.00"
"140.400","174.6000","5373.72","0.00"
"140.600","174.6000","5383.42","0.00"
"140.800","174.6000","5393.12","0.00"
"141.000","174.6000","5402.82","0.00"
"141.200","174.6000","5412.52","0.00"
"141.400","174.6000","5422.22","0.00"
"141.600","174.6000","5431.92","0.00"
"141.800","174.5999","5441.62","0.00"
"142.000","174.5997","5451.32","0.00"
"142.200","174.5993","5461.02","0.00"
"142.400","174.5983","5470.72","0.00"
"142.600","174.5959","5480.41","0.01"
"142.800","174.5903","5490.11","0.02"
"143.000","174.5782","5499.81","0.05"
"143.200","174.5528","5509.51","0.11"
"143.400","174.5016","5519.21","0.22"
"143.600","174.4027","5528.90","0.41"
"143.800","174.2193","5538.58","0.75"
"144.000","173.8937","5548.26","1.31"
"144.200","173.3404","5557.90","2.19"
"144.400","172.4421","5567.51","3.50"
"144.600","171.0510","5577.05","5.34"
"144.800","169.0007","5586.50","7.78"
"145.000","166.1312","5595.82","10.80"
"145.200","162.3251","5604.94","14.29"
"145.400","157.5468","5613.83","17.99"
"145.600","151.8705","5622.43","21.59"
"145.800","145.4829","5630.69","24.71"
"146.000","138.6578","5638.59","27.02"
"146.200","131.7096","5646.10","28.30"
"146.400","124.9453","5653.23","28.43"
"146.600","118.6266","5659.99","27.42"
"146.800","112.9523","5666.42","25.34"
"147.000","108.0571","5672.55","22.36"
"147.200","104.0219","5678.44","18.63"
"147.400","100.8880","5684.13","14.32"
"147.600","98.6721","5689.67","9.60"
"147.800","97.3777","5695.11","4.62"
"148.000","97.0055","5700.51","0.00"
"148.200","97.7491","5705.91","0.00"
"148.400","99.7465","5711.39","0.00"
"148.600","102.9967","5717.02","0.00"
"148.800","107.4823","5722.86","0.00"
"149.000","113.1467","5728.98","0.00"
"149.200","119.8641","5735.45","0.00"
"149.400","127.4082","5742.31","0.00"
"149.600","135.4338","5749.61","0.00"
"149.800","143.4893","5757.36","0.00"
"150.000","151.0746","5765.55","0.00"
"150.200","157.7382","5774.13","0.00"
"150.400","163.1777","5783.05","0.00"
"150.600","167.2969","5792.24","0.00"
"150.800","170.1930","5801.62","0.00"
"151.000","172.0880","5811.13","0.00"
"151.200","173.2460","5820.72","0.00"
"151.400","173.9090","5830.37","0.00"
"151.600","174.2659","5840.04","0.00"
"151.800","174.4468","5849.73","0.00"
"152.000","174.5334","5859.42","0.00"
"152.200","174.5725","5869.12","0.00"
"152.400","174.5892","5878.82","0.00"
"152.600","174.5960","5888.52","0.00"
"152.800","174.5986","5898.22","0.00"
"153.000","174.5995","5907.92","0.00"
"153.200","174.5998","5917.62","0.00"
"153.400","174.6000","5927.32","0.00"
"153.600","174.6000","5937.02","0.00"
"153.800","174.6000","5946.72","0.00"
"154.000","174.6000","5956.42","0.00"
"154.200","174.6000","5966.12","0.00"
"154.400","174.6000","5975.82","0.00"
"154.600","174.6000","5985.52","0.00"
"154.800","174.6000","5995.22","0.00"
"155.000","174.6000","6004.92","0.00"
"155.200","174.6000","6014.62","0.00"
"155.400","174.6000","6024.32","0.00"
"155.600","174.6000","6034.02","0.00"
"155.800","174.6000","6043.72","0.00"
"156.000","174.6000","6053.42","0.00"
"156.200","174.6000","6063.12","0.00"
"156.400","174.6000","6072.82","0.00"
"156.600","174.6000","6082.52","0.00"
"156.800","174.6000","6092.22","0.00"
"157.000","174.6000","6101.92","0.00"
"157.200","174.6000","6111.62","0.00"
"157.400","174.6000","6121.32","0.00"
"157.600","174.6000","6131.02","0.00"
"157.800","174.6000","6140.72","0.00"
"158.000","174.6000","6150.42","0.00"
"158.200","174.6000","6160.12","0.00"
"158.400","174.6000","6169.82","0.00"
"158.600","174.6000","6179.52","0.00"
"158.800","174.6000","6189.22","0.00"
"159.000","174.6000","6198.92","0.00"
"159.200","174.6000","6208.62","0.00"
"159.400","174.6000","6218.32","0.00"
"159.600","174.6000","6228.02","0.00"
"159.800","174.6000","6237.72","0.00"
"160.000","174.6000","6247.42","0.00"
"160.200","174.6000","6257.12","0.00"
"160.400","174.6000","6266.82","0.00"
"160.600","174.5999","6276.52","0.00"
"160.800","174.5997","6286.22","0.00"
"161.000","174.5991","6295.92","0.00"
"161.200","174.5973","6305.62","0.01"
"161.400","174.5925","6315.32","0.02"
"161.600","174.5804","6325.02","0.06"
"161.800","174.5509","6334.72","0.14"
"162.000","174.4835","6344.41","0.30"
"162.200","174.3377","6354.10","0.64"
"162.400","174.0399","6363.78","1.27"
"162.600","173.4668","6373.44","2.39"
"162.800","172.4290","6383.05","4.23"
"163.000","170.6668","6392.58","7.04"
"163.200","167.8713","6401.99","10.99"
"163.400","163.7441","6411.21","16.07"
"163.600","158.0923","6420.16","21.97"
"163.800","150.9258","6428.75","28.11"
"164.000","142.5032","6436.90","33.75"
"164.200","133.2911","6444.56","38.16"
"164.400","123.8515","6451.71","40.84"
"164.600","114.7155","6458.33","41.58"
"164.800","106.2948","6464.47","40.44"
"165.000","98.8547","6470.16","37.66"
"165.200","92.5290","6475.47","33.54"
"165.400","87.3582","6480.46","28.40"
"165.600","83.3268","6485.20","22.51"
"165.800","80.3944","6489.74","16.10"
"166.000","78.5174","6494.15","9.36"
"166.200","77.6618","6498.48","2.45"
"166.400","77.9037","6502.80","0.00"
"166.600","79.5730","6507.17","0.00"
"166.800","82.7421","6511.67","0.00"
"167.000","87.4827","6516.39","0.00"
"167.200","93.8639","6521.42","0.00"
"167.400","101.9004","6526.85","0.00"
"167.600","111.4734","6532.77","0.00"
"167.800","122.2358","6539.26","0.00"
"168.000","133.5453","6546.36","0.00"
"168.200","144.5036","6554.09","0.00"
"168.400","154.1602","6562.39","0.00"
"168.600","161.8189","6571.18","0.00"
"168.800","167.2599","6580.33","0.00"
"169.000","170.7265","6589.73","0.00"
"169.200","172.7177","6599.28","0.00"
"169.400","173.7557","6608.90","0.00"
"169.600","174.2497","6618.57","0.00"
"169.800","174.4654","6628.26","0.00"
"170.000","174.5521","6637.95","0.00"
"170.200","174.5842","6647.65","0.00"
"170.400","174.5952","6657.35","0.00"
"170.600","174.5986","6667.05","0.00"
"170.800","174.5996","6676.75","0.00"
"171.000","174.5999","6686.45","0.00"
"171.200","174.6000","6696.15","0.00"
"171.400","174.6000","6705.85","0.00"
"171.600","174.6000","6715.55","0.00"
"171.800","174.6000","6725.25","0.00"
"172.000","174.6000","6734.95","0.00"
"172.200","174.6000","6744.65","0.00"
"172.400","174.6000","6754.35","0.00"
"172.600","174.6000","6764.05","0.00"
"172.800","174.6000","6773.75","0.00"
"173.000","174.6000","6783.45","0.00"
"173.200","174.6000","6793.15","0.00"
"173.400","174.6000","6802.85","0.00"
"173.600","174.6000","6812.55","0.00"
"173.800","174.6000","6822.25","0.00"
"174.000","174.6000","6831.95","0.00"
"174.200","174.6000","6841.65","0.00"
"174.400","174.6000","6851.35","0.00"
"174.600","174.6000","6861.05","0.00"
"174.800","174.6000","6870.75","0.00"
"175.000","174.6000","6880.45","0.00"
"175.200","174.6000","6890.15","0.00"
"175.400","174.6000","6899.85","0.00"
"175.600","174.5999","6909.55","0.00"
"175.800","174.5998","6919.25","0.00"
"176.000","174.5990","6928.95","0.00"
"176.200","174.5965","6938.65","0.01"
"176.400","174.5882","6948.35","0.04"
"176.600","174.5632","6958.05","0.13"
"176.800","174.4935","6967.75","0.34"
"177.000","174.3140","6977.44","0.84"
"177.200","173.8887","6987.11","1.93"
"177.400","172.9634","6996.75","4.06"
"177.600","171.1235","7006.31","7.82"
"177.800","167.8012","7015.73","13.75"
"178.000","162.3923","7024.92","22.00"
"178.200","154.5056","7033.73","31.96"
"178.400","144.2351","7042.04","42.24"
"178.600","132.2472","7049.73","51.10"
"178.800","119.5733","7056.72","57.14"
"179.000","107.2452","7063.02","59.77"
"179.200","96.0207","7068.66","59.09"
"179.400","86.3053","7073.72","55.68"
"179.600","78.2204","7078.28","50.23"
"179.800","71.7130","7082.44","43.36"
"180.000","66.6510","7086.27","35.55"
"180.200","62.8853","7089.87","27.16"
"180.400","60.2827","7093.28","18.43"
"180.600","58.7423","7096.58","9.50"
"180.800","58.2014","7099.83","0.37"
"181.000","58.7405","7103.07","0.00"
"181.200","60.5140","7106.38","0.00"
"181.400","63.6112","7109.82","0.00"
"181.600","68.1783","7113.47","0.00"
"181.800","74.4065","7117.42","0.00"
"182.000","82.4964","7121.77","0.00"
"182.200","92.5860","7126.63","0.00"
"182.400","104.6152","7132.10","0.00"
"182.600","118.1469","7138.28","0.00"
"182.800","132.2247","7145.23","0.00"
"183.000","145.4577","7152.96","0.00"
"183.200","156.4615","7161.36","0.00"
"183.400","164.4486","7170.28","0.00"
"183.600","169.4949","7179.57","0.00"
"183.800","172.2863","7189.07","0.00"
"184.000","173.6513","7198.69","0.00"
"184.200","174.2469","7208.36","0.00"
"184.400","174.4805","7218.04","0.00"
"184.600","174.5632","7227.74","0.00"
"184.800","174.5897","7237.44","0.00"
"185.000","174.5974","7247.14","0.00"
"185.200","174.5994","7256.84","0.00"
"185.400","174.5999","7266.54","0.00"
"185.600","174.6000","7276.24","0.00"
"185.800","174.6000","7285.94","0.00"
"186.000","174.6000","7295.64","0.00"
"186.200","174.6000","7305.34","0.00"
"186.400","174.6000","7315.04","0.00"
"186.600","174.6000","7324.74","0.00"
"186.800","174.6000","7334.44","0.00"
"187.000","174.6000","7344.14","0.00"
"187.200","174.6000","7353.84","0.00"
"187.400","174.6000","7363.54","0.00"
"187.600","174.6000","7373.24","0.00"
"187.800","174.6000","7382.94","0.00"
"188.000","174.6000","7392.64","0.00"
"188.200","174.6000","7402.34","0.00"
"188.400","174.6000","7412.04","0.00"
"188.600","174.6000","7421.74","0.00"
"188.800","174.6000","7431.44","0.00"
"189.000","174.5999","7441.14","0.00"
"189.200","174.5998","7450.84","0.00"
"189.400","174.5994","7460.54","0.00"
"189.600","174.5984","7470.24","0.00"
"189.800","174.5960","7479.94","0.01"
"190.000","174.5907","7489.64","0.02"
"190.200","174.5791","7499.34","0.05"
"190.400","174.5545","7509.03","0.11"
"190.600","174.5050","7518.73","0.21"
"190.800","174.4092","7528.42","0.40"
"191.000","174.2311","7538.11","0.73"
"191.200","173.9142","7547.78","1.28"
"191.400","173.3746","7557.43","2.14"
"191.600","172.4965","7567.04","3.43"
"191.800","171.1335","7576.59","5.24"
"192.000","169.1196","7586.04","7.65"
"192.200","166.2937","7595.36","10.64"
"192.400","162.5353","7604.50","14.11"
"192.600","157.8041","7613.40","17.81"
"192.800","152.1685","7622.02","21.42"
"193.000","145.8101","7630.30","24.57"
"193.200","138.9992","7638.21","26.93"
"193.400","132.0497","7645.74","28.27"
"193.600","125.2698","7652.88","28.46"
"193.800","118.9239","7659.67","27.49"
"194.000","113.2143","7666.11","25.47"
"194.200","108.2784","7672.26","22.52"
"194.400","104.1997","7678.16","18.83"
"194.600","101.0209","7683.85","14.54"
"194.800","98.7596","7689.40","9.84"
"195.000","97.4199","7694.84","4.87"
"195.200","97.0012","7700.24","0.00"
"195.400","97.6832","7705.64","0.00"
"195.600","99.6189","7711.12","0.00"
"195.800","102.8075","7716.73","0.00"
"196.000","107.2332","7722.56","0.00"
"196.200","112.8419","7728.67","0.00"
"196.400","119.5118","7735.12","0.00"
"196.600","127.0222","7741.97","0.00"
"196.800","135.0339","7749.24","0.00"
"197.000","143.0996","7756.97","0.00"
"197.200","150.7196","7765.14","0.00"
"197.400","157.4371","7773.70","0.00"
"197.600","162.9409","7782.61","0.00"
"197.800","167.1242","7791.78","0.00"
"198.000","170.0760","7801.15","0.00"
"198.200","172.0141","7810.66","0.00"
"198.400","173.2023","7820.25","0.00"
"198.600","173.8848","7829.89","0.00"
"198.800","174.2533","7839.57","0.00"
"199.000","174.4406","7849.25","0.00"
"199.200","174.5305","7858.95","0.00"
"199.400","174.5712","7868.64","0.00"
"199.600","174.5887","7878.34","0.00"
"199.800","174.5958","7888.04","0.00"
"200.000","174.5985","7897.74","0.00"
"200.200","174.5995","7907.44","0.00"
"200.400","174.5998","7917.14","0.00"
"200.600","174.6000","7926.84","0.00"
"200.800","174.6000","7936.54","0.00"
"201.000","174.6000","7946.24","0.00"
"201.200","174.6000","7955.94","0.00"
"201.400","174.6000","7965.64","0.00"
"201.600","174.6000","7975.34","0.00"
"201.800","174.6000","7985.04","0.00"
"202.000","174.6000","7994.74","0.00"
"202.200","174.6000","8004.44","0.00"
"202.400","174.6000","8014.14","0.00"
"202.600","174.6000","8023.84","0.00"
"202.800","174.6000","8033.54","0.00"
"203.000","174.6000","8043.24","0.00"
"203.200","174.6000","8052.94","0.00"
"203.400","174.6000","8062.64","0.00"
"203.600","174.6000","8072.34","0.00"
"203.800","174.6000","8082.04","0.00"
"204.000","174.6000","8091.74","0.00"
"204.200","174.6000","8101.44","0.00"
"204.400","174.6000","8111.14","0.00"
"204.600","174.6000","8120.84","0.00"
"204.800","174.6000","8130.54","0.00"
"205.000","174.6000","8140.24","0.00"
"205.200","174.6000","8149.94","0.00"
"205.400","174.6000","8159.64","0.00"
"205.600","174.6000","8169.34","0.00"
"205.800","174.6000","8179.04","0.00"
"206.000","174.6000","8188.74","0.00"
"206.200","174.6000","8198.44","0.00"
"206.400","174.6000","8208.14","0.00"
"206.600","174.6000","8217.84","0.00"
"206.800","174.6000","8227.54","0.00"
"207.000","174.6000","8237.24","0.00"
"207.200","174.6000","8246.94","0.00"
"207.400","174.6000","8256.64","0.00"
"207.600","174.6000","8266.34","0.00"
"207.800","174.5999","8276.04","0.00"
"208.000","174.5997","8285.74","0.00"
"208.200","174.5991","8295.44","0.00"
"208.400","174.5975","8305.14","0.01"
"208.600","174.5929","8314.84","0.02"
"208.800","174.5813","8324.54","0.05"
"209.000","174.5530","8334.24","0.13"
"209.200","174.4882","8343.94","0.29"
"209.400","174.3476","8353.63","0.62"
"209.600","174.0598","8363.30","1.23"
"209.800","173.5040","8372.96","2.32"
"210.000","172.4946","8382.57","4.12"
"210.200","170.7751","8392.11","6.88"
"210.400","168.0379","8401.53","10.77"
"210.600","163.9820","8410.76","15.79"
"210.800","158.4070","8419.72","21.67"
"211.000","151.3111","8428.33","27.82"
"211.200","142.9407","8436.51","33.50"
"211.400","133.7545","8444.20","37.98"
"211.600","124.3131","8451.37","40.75"
"211.800","115.1512","8458.02","41.59"
"212.000","106.6880","8464.18","40.54"
"212.200","99.1955","8469.89","37.83"
"212.400","92.8134","8475.22","33.77"
"212.600","87.5858","8480.22","28.67"
"212.800","83.4991","8484.97","22.81"
"213.000","80.5137","8489.52","16.43"
"213.200","78.5857","8493.94","9.70"
"213.400","77.6804","8498.27","2.79"
"213.600","77.8593","8502.59","0.00"
"213.800","79.4562","8506.95","0.00"
"214.000","82.5499","8511.44","0.00"
"214.200","87.2114","8516.15","0.00"
"214.400","93.5108","8521.16","0.00"
"214.600","101.4671","8526.57","0.00"
"214.800","110.9703","8532.47","0.00"
"215.000","121.6868","8538.92","0.00"
"215.200","132.9886","8546.00","0.00"
"215.400","143.9873","8553.70","0.00"
"215.600","153.7276","8561.97","0.00"
"215.800","161.4941","8570.74","0.00"
"216.000","167.0417","8579.88","0.00"
"216.200","170.5949","8589.26","0.00"
"216.400","172.6460","8598.80","0.00"
"216.600","173.7201","8608.43","0.00"
"216.800","174.2335","8618.09","0.00"
"217.000","174.4587","8627.78","0.00"
"217.200","174.5495","8637.48","0.00"
"217.400","174.5833","8647.18","0.00"
"217.600","174.5949","8656.87","0.00"
"217.800","174.5985","8666.57","0.00"
"218.000","174.5996","8676.27","0.00"
"218.200","174.5999","8685.97","0.00"
"218.400","174.6000","8695.67","0.00"
"218.600","174.6000","8705.37","0.00"
"218.800","174.6000","8715.07","0.00"
"219.000","174.6000","8724.77","0.00"
"219.200","174.6000","8734.47","0.00"
"219.400","174.6000","8744.17","0.00"
"219.600","174.6000","8753.87","0.00"
"219.800","174.6000","8763.57","0.00"
"220.000","174.6000","8773.27","0.00"
"220.200","174.6000","8782.97","0.00"
"220.400","174.6000","8792.67","0.00"
"220.600","174.6000","8802.37","0.00"
"220.800","174.6000","8812.07","0.00"
"221.000","174.6000","8821.77","0.00"
"221.200","174.6000","8831.47","0.00"
"221.400","174.6000","8841.17","0.00"
"221.600","174.6000","8850.87","0.00"
"221.800","174.6000","8860.57","0.00"
"222.000","174.6000","8870.27","0.00"
"222.200","174.6000","8879.97","0.00"
"222.400","174.6000","8889.67","0.00"
"222.600","174.6000","8899.37","0.00"
"222.800","174.5999","8909.07","0.00"
"223.000","174.5998","8918.77","0.00"
"223.200","174.5991","8928.47","0.00"
"223.400","174.5967","8938.17","0.01"
"223.600","174.5889","8947.87","0.04"
"223.800","174.5652","8957.57","0.12"
"224.000","174.4987","8967.27","0.32"
"224.200","174.3271","8976.96","0.81"
"224.400","173.9186","8986.63","1.86"
"224.600","173.0262","8996.27","3.92"
"224.800","171.2437","9005.84","7.59"
"225.000","168.0090","9015.28","13.41"
"225.200","162.7149","9024.47","21.55"
"225.400","154.9528","9033.31","31.45"
"225.600","144.7884","9041.64","41.75"
"225.800","132.8625","9049.36","50.72"
"226.000","120.1968","9056.39","56.92"
"226.200","107.8310","9062.72","59.72"
"226.400","96.5400","9068.39","59.19"
"226.600","86.7455","9073.48","55.90"
"226.800","78.5807","9078.06","50.53"
"227.000","71.9982","9082.24","43.72"
"227.200","66.8687","9086.09","35.95"
"227.400","63.0424","9089.69","27.58"
"227.600","60.3853","9093.12","18.86"
"227.800","58.7944","9096.42","9.94"
"228.000","58.2051","9099.67","0.85"
"228.200","58.6855","9102.91","0.00"
"228.400","60.3967","9106.21","0.00"
"228.600","63.4258","9109.64","0.00"
"228.800","67.9164","9113.29","0.00"
"229.000","74.0578","9117.22","0.00"
"229.200","82.0521","9121.55","0.00"
"229.400","92.0422","9126.38","0.00"
"229.600","103.9823","9131.81","0.00"
"229.800","117.4581","9137.96","0.00"
"230.000","131.5393","9144.87","0.00"
"230.200","144.8487","9152.56","0.00"
"230.400","155.9874","9160.93","0.00"
"230.600","164.1280","9169.83","0.00"
"230.800","169.3062","9179.11","0.00"
"231.000","172.1887","9188.60","0.00"
"231.200","173.6064","9198.21","0.00"
"231.400","174.2284","9207.88","0.00"
"231.600","174.4736","9217.57","0.00"
"231.800","174.5609","9227.26","0.00"
"232.000","174.5890","9236.96","0.00"
"232.200","174.5972","9246.66","0.00"
"232.400","174.5993","9256.36","0.00"
"232.600","174.5999","9266.06","0.00"
"232.800","174.6000","9275.76","0.00"
"233.000","174.6000","9285.46","0.00"
"233.200","174.6000","9295.16","0.00"
"233.400","174.6000","9304.86","0.00"
"233.600","174.6000","9314.56","0.00"
"233.800","174.6000","9324.26","0.00"
"234.000","174.6000","9333.96","0.00"
"234.200","174.6000","9343.66","0.00"
"234.400","174.6000","9353.36","0.00"
"234.600","174.6000","9363.06","0.00"
"234.800","174.6000","9372.76","0.00"
"235.000","174.6000","9382.46","0.00"
"235.200","174.6000","9392.16","0.00"
"235.400","174.6000","9401.86","0.00"
"235.600","174.6000","9411.56","0.00"
"235.800","174.6000","9421.26","0.00"
"236.000","174.6000","9430.96","0.00"
"236.200","174.5999","9440.66","0.00"
"236.400","174.5997","9450.36","0.00"
"236.600","174.5993","9460.06","0.00"
"236.800","174.5983","9469.76","0.00"
"237.000","174.5959","9479.46","0.01"
"237.200","174.5903","9489.16","0.03"
"237.400","174.5781","9498.86","0.05"
"237.600","174.5524","9508.56","0.11"
"237.800","174.5003","9518.25","0.22"
"238.000","174.3993","9527.94","0.42"
"238.200","174.2113","9537.63","0.77"
"238.400","173.8762","9547.30","1.35"
"238.600","173.3045","9556.94","2.27"
"238.800","172.3725","9566.55","3.64"
"239.000","170.9237","9576.09","5.58"
"239.200","168.7808","9585.53","8.16"
"239.400","165.7720","9594.82","11.37"
"239.600","161.7698","9603.93","15.09"
"239.800","156.7335","9612.78","19.08"
"240.000","150.7394","9621.32","22.99"
"240.200","143.9838","9629.51","26.42"
"240.400","136.7547","9637.31","29.05"
"240.600","129.3817","9644.71","30.61"
"240.800","122.1838","9651.69","31.00"
"241.000","115.4297","9658.29","30.21"
"241.200","109.3191","9664.53","28.35"
"241.400","103.9832","9670.45","25.55"
"241.600","99.4958","9676.10","21.98"
"241.800","95.8894","9681.52","17.80"
"242.000","93.1709","9686.77","13.19"
"242.200","91.3346","9691.89","8.27"
"242.400","90.3716","9696.94","3.16"
"242.600","90.2990","9701.95","0.00"
"242.800","91.3476","9706.99","0.00"
"243.000","93.5849","9712.12","0.00"
"243.200","97.0248","9717.41","0.00"
"243.400","101.6721","9722.92","0.00"
"243.600","107.5003","9728.73","0.00"
"243.800","114.4209","9734.89","0.00"
"244.000","122.2486","9741.46","0.00"
"244.200","130.6744","9748.48","0.00"
"244.400","139.2641","9755.98","0.00"
"244.600","147.5029","9763.95","0.00"
"244.800","154.8885","9772.36","0.00"
"245.000","161.0450","9781.14","0.00"
"245.200","165.8042","9790.22","0.00"
"245.400","169.2160","9799.54","0.00"
"245.600","171.4890","9809.00","0.00"
"245.800","172.9011","9818.57","0.00"
"246.000","173.7221","9828.20","0.00"
"246.200","174.1702","9837.87","0.00"
"246.400","174.4006","9847.55","0.00"
"246.600","174.5122","9857.24","0.00"
"246.800","174.5633","9866.94","0.00"
"247.000","174.5855","9876.64","0.00"
"247.200","174.5945","9886.34","0.00"
"247.400","174.5981","9896.04","0.00"
"247.600","174.5993","9905.74","0.00"
"247.800","174.5998","9915.44","0.00"
"248.000","174.5999","9925.14","0.00"
"248.200","174.6000","9934.84","0.00"
"248.400","174.6000","9944.54","0.00"
"248.600","174.6000","9954.24","0.00"
"248.800","174.6000","9963.94","0.00"
"249.000","174.6000","9973.64","0.00"
"249.200","174.6000","9983.34","0.00"
"249.400","174.6000","9993.04","0.00"
"249.600","136.1880","10002.14","0.00"
"249.800","136.1880","10009.70","0.00"
"250.000","136.1880","10017.27","0.00"
"250.200","136.1880","10024.83","0.00"
"250.400","136.1880","10032.40","0.00"
"250.600","136.1880","10039.97","0.00"
"250.800","136.1880","10047.53","0.00"
"251.000","136.1880","10055.10","0.00"
"251.200","136.1880","10062.66","0.00"
"251.400","136.1880","10070.23","0.00"
"251.600","136.1880","10077.80","0.00"
"251.800","136.1880","10085.36","0.00"
"252.000","136.1880","10092.93","0.00"
"252.200","136.1880","10100.49","0.00"
"252.400","136.1880","10108.06","0.00"
"252.600","136.1880","10115.63","0.00"
"252.800","136.1880","10123.19","0.00"
"253.000","136.1880","10130.76","0.00"
"253.200","136.1880","10138.32","0.00"
"253.400","136.1880","10145.89","0.00"
"253.600","136.1880","10153.46","0.00"
"253.800","136.1880","10161.02","0.00"
"254.000","136.1880","10168.59","0.00"
"254.200","136.1880","10176.15","0.00"
"254.400","136.1880","10183.72","0.00"
"254.600","136.1880","10191.29","0.00"
"254.800","136.1880","10198.85","0.00"
"255.000","136.1880","10206.42","0.00"
"255.200","136.1880","10213.98","0.00"
"255.400","136.1880","10221.55","0.00"
"255.600","136.1880","10229.12","0.00"
"255.800","136.1880","10236.68","0.00"
"256.000","136.1880","10244.25","0.00"
"256.200","136.1880","10251.81","0.00"
"256.400","136.1880","10259.38","0.00"
"256.600","136.1880","10266.95","0.00"
"256.800","136.1879","10274.51","0.00"
"257.000","136.1879","10282.08","0.00"
"257.200","136.1877","10289.64","0.00"
"257.400","136.1872","10297.21","0.00"
"257.600","136.1861","10304.78","0.01"
"257.800","136.1837","10312.34","0.01"
"258.000","136.1787","10319.91","0.03"
"258.200","136.1686","10327.47","0.06"
"258.400","136.1486","10335.04","0.11"
"258.600","136.1104","10342.60","0.20"
"258.800","136.0400","10350.16","0.37"
"259.000","135.9147","10357.72","0.65"
"259.200","135.6997","10365.26","1.10"
"259.400","135.3434","10372.79","1.79"
"259.600","134.7748","10380.29","2.82"
"259.800","133.9019","10387.76","4.28"
"260.000","132.6151","10395.17","6.24"
"260.200","130.7966","10402.48","8.76"
"260.400","128.3379","10409.69","11.82"
"260.600","125.1623","10416.73","15.30"
"260.800","121.2487","10423.58","19.03"
"261.000","116.6466","10430.19","22.74"
"261.200","111.4776","10436.53","26.14"
"261.400","105.9206","10442.57","28.97"
"261.600","100.1836","10448.30","31.02"
"261.800","94.4745","10453.70","32.18"
"262.000","88.9758","10458.80","32.42"
"262.200","83.8306","10463.59","31.76"
"262.400","79.1385","10468.12","30.31"
"262.600","74.9599","10472.40","28.16"
"262.800","71.3236","10476.46","25.44"
"263.000","68.2362","10480.33","22.27"
"263.200","65.6902","10484.05","18.74"
"263.400","63.6711","10487.64","14.93"
"263.600","62.1622","10491.13","10.94"
"263.800","61.1481","10494.56","6.81"
"264.000","60.6174","10497.94","2.60"
"264.200","60.5792","10501.30","0.00"
"264.400","61.1881","10504.68","0.00"
"264.600","62.4939","10508.11","0.00"
"264.800","64.5177","10511.64","0.00"
"265.000","67.2869","10515.30","0.00"
"265.200","70.8290","10519.13","0.00"
"265.400","75.1602","10523.18","0.00"
"265.600","80.2698","10527.49","0.00"
"265.800","86.1003","10532.11","0.00"
"266.000","92.5236","10537.07","0.00"
"266.200","99.3267","10542.40","0.00"
"266.400","106.2105","10548.11","0.00"
"266.600","112.8196","10554.20","0.00"
"266.800","118.8014","10560.63","0.00"
"267.000","123.8796","10567.38","0.00"
"267.200","127.9116","10574.38","0.00"
"267.400","130.9041","10581.57","0.00"
"267.600","132.9835","10588.91","0.00"
"267.800","134.3400","10596.33","0.00"
"268.000","135.1733","10603.82","0.00"
"268.200","135.6570","10611.35","0.00"
"268.400","135.9230","10618.89","0.00"
"268.600","136.0617","10626.45","0.00"
"268.800","136.1306","10634.01","0.00"
"269.000","136.1630","10641.57","0.00"
"269.200","136.1776","10649.14","0.00"
"269.400","136.1839","10656.70","0.00"
"269.600","136.1864","10664.27","0.00"
"269.800","136.1874","10671.83","0.00"
"270.000","136.1878","10679.40","0.00"
"270.200","136.1879","10686.97","0.00"
"270.400","136.1880","10694.53","0.00"
"270.600","136.1880","10702.10","0.00"
"270.800","136.1880","10709.66","0.00"
"271.000","136.1880","10717.23","0.00"
"271.200","136.1880","10724.80","0.00"
"271.400","136.1880","10732.36","0.00"
"271.600","136.1880","10739.93","0.00"
"271.800","136.1880","10747.49","0.00"
"272.000","136.1880","10755.06","0.00"
"272.200","136.1880","10762.63","0.00"
"272.400","136.1880","10770.19","0.00"
"272.600","136.1880","10777.76","0.00"
"272.800","136.1880","10785.32","0.00"
"273.000","136.1880","10792.89","0.00"
"273.200","136.1880","10800.46","0.00"
"273.400","136.1880","10808.02","0.00"
"273.600","136.1880","10815.59","0.00"
"273.800","136.1880","10823.15","0.00"
"274.000","136.1880","10830.72","0.00"
"274.200","136.1880","10838.29","0.00"
"274.400","136.1880","10845.85","0.00"
"274.600","136.1880","10853.42","0.00"
"274.800","136.1880","10860.98","0.00"
"275.000","136.1880","10868.55","0.00"
"275.200","136.1880","10876.12","0.00"
"275.400","136.1880","10883.68","0.00"
"275.600","136.1880","10891.25","0.00"
"275.800","136.1880","10898.81","0.00"
"276.000","136.1880","10906.38","0.00"
"276.200","136.1879","10913.95","0.00"
"276.400","136.1877","10921.51","0.00"
"276.600","136.1872","10929.08","0.00"
"276.800","136.1859","10936.64","0.01"
"277.000","136.1825","10944.21","0.02"
"277.200","136.1742","10951.78","0.05"
"277.400","136.1548","10959.34","0.11"
"277.600","136.1120","10966.90","0.24"
"277.800","136.0219","10974.46","0.50"
"278.000","135.8414","10982.02","0.98"
"278.200","135.4978","10989.55","1.83"
"278.400","134.8775","10997.07","3.24"
"278.600","133.8179","11004.53","5.43"
"278.800","132.1103","11011.92","8.62"
"279.000","129.5235","11019.19","12.93"
"279.200","125.8529","11026.29","18.29"
"279.400","120.9873","11033.16","24.39"
"279.600","114.9691","11039.72","30.70"
"279.800","108.0134","11045.91","36.57"
"280.000","100.4699","11051.71","41.39"
"280.200","92.7434","11057.07","44.75"
"280.400","85.2087","11062.01","46.46"
"280.600","78.1554","11066.55","46.58"
"280.800","71.7675","11070.71","45.27"
"281.000","66.1354","11074.54","42.79"
"281.200","61.2796","11078.07","39.41"
"281.400","57.1758","11081.36","35.33"
"281.600","53.7768","11084.44","30.76"
"281.800","51.0272","11087.35","25.85"
"282.000","48.8725","11090.12","20.70"
"282.200","47.2652","11092.79","15.38"
"282.400","46.1674","11095.38","9.97"
"282.600","45.5519","11097.93","4.51"
"282.800","45.4051","11100.45","0.00"
"283.000","45.7939","11102.98","0.00"
"283.200","46.7669","11105.55","0.00"
"283.400","48.3540","11108.19","0.00"
"283.600","50.6024","11110.94","0.00"
"283.800","53.5743","11113.83","0.00"
"284.000","57.3433","11116.90","0.00"
"284.200","61.9851","11120.21","0.00"
"284.400","67.5620","11123.81","0.00"
"284.600","74.0956","11127.74","0.00"
"284.800","81.5305","11132.06","0.00"
"285.000","89.6890","11136.81","0.00"
"285.200","98.2398","11142.03","0.00"
"285.400","106.7047","11147.72","0.00"
"285.600","114.5321","11153.87","0.00"
"285.800","121.2296","11160.43","0.00"
"286.000","126.5016","11167.32","0.00"
"286.200","130.3123","11174.46","0.00"
"286.400","132.8464","11181.77","0.00"
"286.600","134.4031","11189.20","0.00"
"286.800","135.2909","11196.69","0.00"
"287.000","135.7631","11204.22","0.00"
"287.200","135.9981","11211.77","0.00"
"287.400","136.1078","11219.33","0.00"
"287.600","136.1560","11226.90","0.00"
"287.800","136.1760","11234.46","0.00"
"288.000","136.1837","11242.03","0.00"
"288.200","136.1866","11249.59","0.00"
"288.400","136.1875","11257.16","0.00"
"288.600","136.1879","11264.72","0.00"
"288.800","136.1880","11272.29","0.00"
"289.000","136.1880","11279.86","0.00"
"289.200","136.1880","11287.42","0.00"
"289.400","136.1880","11294.99","0.00"
"289.600","136.1880","11302.55","0.00"
"289.800","136.1880","11310.12","0.00"
"290.000","136.1880","11317.69","0.00"
"290.200","136.1880","11325.25","0.00"
"290.400","136.1880","11332.82","0.00"
"290.600","136.1880","11340.38","0.00"
"290.800","136.1880","11347.95","0.00"
"291.000","136.1880","11355.52","0.00"
"291.200","136.1880","11363.08","0.00"
"291.400","136.1880","11370.65","0.00"
"291.600","136.1880","11378.21","0.00"
"291.800","136.1880","11385.78","0.00"
"292.000","136.1880","11393.35","0.00"
"292.200","136.1880","11400.91","0.00"
"292.400","136.1880","11408.48","0.00"
"292.600","136.1880","11416.04","0.00"
"292.800","136.1880","11423.61","0.00"
"293.000","136.1880","11431.18","0.00"
"293.200","136.1879","11438.74","0.00"
"293.400","136.1879","11446.31","0.00"
"293.600","136.1877","11453.87","0.00"
"293.800","136.1875","11461.44","0.00"
"294.000","136.1869","11469.01","0.00"
"294.200","136.1857","11476.57","0.01"
"294.400","136.1835","11484.14","0.01"
"294.600","136.1794","11491.70","0.02"
"294.800","136.1718","11499.27","0.04"
"295.000","136.1582","11506.83","0.07"
"295.200","136.1344","11514.40","0.12"
"295.400","136.0941","11521.96","0.20"
"295.600","136.0273","11529.52","0.34"
"295.800","135.9193","11537.07","0.54"
"296.000","135.7493","11544.62","0.83"
"296.200","135.4887","11552.15","1.27"
"296.400","135.1000","11559.67","1.87"
"296.600","134.5361","11567.16","2.69"
"296.800","133.7414","11574.62","3.76"
"297.000","132.6544","11582.02","5.11"
"297.200","131.2131","11589.35","6.74"
"297.400","129.3623","11596.59","8.64"
"297.600","127.0625","11603.71","10.76"
"297.800","124.2991","11610.70","13.00"
"298.000","121.0887","11617.52","15.25"
"298.200","117.4821","11624.15","17.37"
"298.400","113.5603","11630.56","19.24"
"298.600","109.4280","11636.76","20.72"
"298.800","105.2015","11642.72","21.73"
"299.000","100.9982","11648.45","22.21"
"299.200","96.9261","11653.95","22.14"
"299.400","93.0777","11659.22","21.52"
"299.600","89.5269","11664.29","20.40"
"299.800","86.3284","11669.18","18.82"
"300.000","83.5201","11673.89","16.83"
"300.200","81.1262","11678.46","14.52"
"300.400","79.1605","11682.91","11.93"
"300.600","77.6297","11687.27","9.13"
"300.800","76.5360","11691.55","6.17"
"301.000","75.8796","11695.78","3.12"
"301.200","75.6600","11699.99","0.00"
"301.400","75.9553","11704.20","0.00"
"301.600","76.8454","11708.44","0.00"
"301.800","78.3307","11712.75","0.00"
"302.000","80.4099","11717.15","0.00"
"302.200","83.0755","11721.69","0.00"
"302.400","86.3090","11726.39","0.00"
"302.600","90.0733","11731.29","0.00"
"302.800","94.3062","11736.41","0.00"
"303.000","98.9133","11741.78","0.00"
"303.200","103.7651","11747.41","0.00"
"303.400","108.6998","11753.31","0.00"
"303.600","113.5343","11759.48","0.00"
"303.800","118.0836","11765.92","0.00"
"304.000","122.1849","11772.59","0.00"
"304.200","125.7207","11779.48","0.00"
"304.400","128.6326","11786.55","0.00"
"304.600","130.9234","11793.76","0.00"
"304.800","132.6463","11801.09","0.00"
"305.000","133.8867","11808.49","0.00"
"305.200","134.7430","11815.96","0.00"
"305.400","135.3106","11823.46","0.00"
"305.600","135.6726","11830.99","0.00"
"305.800","135.8950","11838.53","0.00"
"306.000","136.0268","11846.08","0.00"
"306.200","136.1021","11853.64","0.00"
"306.400","136.1437","11861.21","0.00"
"306.600","136.1658","11868.77","0.00"
"306.800","136.1773","11876.34","0.00"
"307.000","136.1830","11883.90","0.00"
"307.200","136.1857","11891.47","0.00"
"307.400","136.1870","11899.03","0.00"
"307.600","136.1876","11906.60","0.00"
"307.800","136.1878","11914.17","0.00"
"308.000","136.1879","11921.73","0.00"
"308.200","136.1880","11929.30","0.00"
"308.400","136.1880","11936.86","0.00"
"308.600","136.1880","11944.43","0.00"
"308.800","136.1880","11952.00","0.00"
"309.000","136.1880","11959.56","0.00"
"309.200","136.1880","11967.13","0.00"
"309.400","136.1880","11974.69","0.00"
"309.600","136.1880","11982.26","0.00"
"309.800","136.1880","11989.83","0.00"
"310.000","136.1880","11997.39","0.00"
